C-DEMIND_ZEIT-0;C-DEMIND_NUTS3-0;F-DEMIND_TFR
DEMIND_ZEIT-2002;GRNU-AT111;1,199
DEMIND_ZEIT-2002;GRNU-AT112;1,253
DEMIND_ZEIT-2002;GRNU-AT113;1,167
DEMIND_ZEIT-2002;GRNU-AT121;1,499
DEMIND_ZEIT-2002;GRNU-AT122;1,531
DEMIND_ZEIT-2002;GRNU-AT123;1,391
DEMIND_ZEIT-2002;GRNU-AT124;1,451
DEMIND_ZEIT-2002;GRNU-AT125;1,313
DEMIND_ZEIT-2002;GRNU-AT126;1,347
DEMIND_ZEIT-2002;GRNU-AT127;1,364
DEMIND_ZEIT-2002;GRNU-AT130;1,408
DEMIND_ZEIT-2002;GRNU-AT211;1,210
DEMIND_ZEIT-2002;GRNU-AT212;1,410
DEMIND_ZEIT-2002;GRNU-AT213;1,371
DEMIND_ZEIT-2002;GRNU-AT221;1,266
DEMIND_ZEIT-2002;GRNU-AT222;1,325
DEMIND_ZEIT-2002;GRNU-AT223;1,193
DEMIND_ZEIT-2002;GRNU-AT224;1,327
DEMIND_ZEIT-2002;GRNU-AT225;1,332
DEMIND_ZEIT-2002;GRNU-AT226;1,403
DEMIND_ZEIT-2002;GRNU-AT311;1,485
DEMIND_ZEIT-2002;GRNU-AT312;1,420
DEMIND_ZEIT-2002;GRNU-AT313;1,553
DEMIND_ZEIT-2002;GRNU-AT314;1,506
DEMIND_ZEIT-2002;GRNU-AT315;1,513
DEMIND_ZEIT-2002;GRNU-AT321;1,382
DEMIND_ZEIT-2002;GRNU-AT322;1,459
DEMIND_ZEIT-2002;GRNU-AT323;1,444
DEMIND_ZEIT-2002;GRNU-AT331;1,334
DEMIND_ZEIT-2002;GRNU-AT332;1,297
DEMIND_ZEIT-2002;GRNU-AT333;1,337
DEMIND_ZEIT-2002;GRNU-AT334;1,518
DEMIND_ZEIT-2002;GRNU-AT335;1,463
DEMIND_ZEIT-2002;GRNU-AT341;1,450
DEMIND_ZEIT-2002;GRNU-AT342;1,566
DEMIND_ZEIT-2002;GRNU-AT11;1,216
DEMIND_ZEIT-2002;GRNU-AT12;1,423
DEMIND_ZEIT-2002;GRNU-AT13;1,408
DEMIND_ZEIT-2002;GRNU-AT21;1,304
DEMIND_ZEIT-2002;GRNU-AT22;1,296
DEMIND_ZEIT-2002;GRNU-AT31;1,476
DEMIND_ZEIT-2002;GRNU-AT32;1,446
DEMIND_ZEIT-2002;GRNU-AT33;1,389
DEMIND_ZEIT-2002;GRNU-AT34;1,537
DEMIND_ZEIT-2002;GRNU-AT1;1,391
DEMIND_ZEIT-2002;GRNU-AT2;1,298
DEMIND_ZEIT-2002;GRNU-AT3;1,457
DEMIND_ZEIT-2002;GRNU-AT0;1,395
DEMIND_ZEIT-2003;GRNU-AT111;1,122
DEMIND_ZEIT-2003;GRNU-AT112;1,293
DEMIND_ZEIT-2003;GRNU-AT113;1,212
DEMIND_ZEIT-2003;GRNU-AT121;1,529
DEMIND_ZEIT-2003;GRNU-AT122;1,458
DEMIND_ZEIT-2003;GRNU-AT123;1,401
DEMIND_ZEIT-2003;GRNU-AT124;1,344
DEMIND_ZEIT-2003;GRNU-AT125;1,308
DEMIND_ZEIT-2003;GRNU-AT126;1,303
DEMIND_ZEIT-2003;GRNU-AT127;1,385
DEMIND_ZEIT-2003;GRNU-AT130;1,392
DEMIND_ZEIT-2003;GRNU-AT211;1,223
DEMIND_ZEIT-2003;GRNU-AT212;1,409
DEMIND_ZEIT-2003;GRNU-AT213;1,425
DEMIND_ZEIT-2003;GRNU-AT221;1,215
DEMIND_ZEIT-2003;GRNU-AT222;1,409
DEMIND_ZEIT-2003;GRNU-AT223;1,288
DEMIND_ZEIT-2003;GRNU-AT224;1,360
DEMIND_ZEIT-2003;GRNU-AT225;1,330
DEMIND_ZEIT-2003;GRNU-AT226;1,328
DEMIND_ZEIT-2003;GRNU-AT311;1,420
DEMIND_ZEIT-2003;GRNU-AT312;1,417
DEMIND_ZEIT-2003;GRNU-AT313;1,483
DEMIND_ZEIT-2003;GRNU-AT314;1,559
DEMIND_ZEIT-2003;GRNU-AT315;1,502
DEMIND_ZEIT-2003;GRNU-AT321;1,499
DEMIND_ZEIT-2003;GRNU-AT322;1,429
DEMIND_ZEIT-2003;GRNU-AT323;1,370
DEMIND_ZEIT-2003;GRNU-AT331;1,264
DEMIND_ZEIT-2003;GRNU-AT332;1,300
DEMIND_ZEIT-2003;GRNU-AT333;1,473
DEMIND_ZEIT-2003;GRNU-AT334;1,425
DEMIND_ZEIT-2003;GRNU-AT335;1,433
DEMIND_ZEIT-2003;GRNU-AT341;1,397
DEMIND_ZEIT-2003;GRNU-AT342;1,478
DEMIND_ZEIT-2003;GRNU-AT11;1,242
DEMIND_ZEIT-2003;GRNU-AT12;1,399
DEMIND_ZEIT-2003;GRNU-AT13;1,392
DEMIND_ZEIT-2003;GRNU-AT21;1,324
DEMIND_ZEIT-2003;GRNU-AT22;1,297
DEMIND_ZEIT-2003;GRNU-AT31;1,455
DEMIND_ZEIT-2003;GRNU-AT32;1,394
DEMIND_ZEIT-2003;GRNU-AT33;1,372
DEMIND_ZEIT-2003;GRNU-AT34;1,458
DEMIND_ZEIT-2003;GRNU-AT1;1,376
DEMIND_ZEIT-2003;GRNU-AT2;1,306
DEMIND_ZEIT-2003;GRNU-AT3;1,424
DEMIND_ZEIT-2003;GRNU-AT0;1,377
DEMIND_ZEIT-2004;GRNU-AT111;1,308
DEMIND_ZEIT-2004;GRNU-AT112;1,313
DEMIND_ZEIT-2004;GRNU-AT113;1,209
DEMIND_ZEIT-2004;GRNU-AT121;1,635
DEMIND_ZEIT-2004;GRNU-AT122;1,490
DEMIND_ZEIT-2004;GRNU-AT123;1,484
DEMIND_ZEIT-2004;GRNU-AT124;1,446
DEMIND_ZEIT-2004;GRNU-AT125;1,379
DEMIND_ZEIT-2004;GRNU-AT126;1,336
DEMIND_ZEIT-2004;GRNU-AT127;1,415
DEMIND_ZEIT-2004;GRNU-AT130;1,409
DEMIND_ZEIT-2004;GRNU-AT211;1,311
DEMIND_ZEIT-2004;GRNU-AT212;1,378
DEMIND_ZEIT-2004;GRNU-AT213;1,421
DEMIND_ZEIT-2004;GRNU-AT221;1,226
DEMIND_ZEIT-2004;GRNU-AT222;1,365
DEMIND_ZEIT-2004;GRNU-AT223;1,336
DEMIND_ZEIT-2004;GRNU-AT224;1,357
DEMIND_ZEIT-2004;GRNU-AT225;1,373
DEMIND_ZEIT-2004;GRNU-AT226;1,414
DEMIND_ZEIT-2004;GRNU-AT311;1,459
DEMIND_ZEIT-2004;GRNU-AT312;1,486
DEMIND_ZEIT-2004;GRNU-AT313;1,618
DEMIND_ZEIT-2004;GRNU-AT314;1,548
DEMIND_ZEIT-2004;GRNU-AT315;1,552
DEMIND_ZEIT-2004;GRNU-AT321;1,590
DEMIND_ZEIT-2004;GRNU-AT322;1,438
DEMIND_ZEIT-2004;GRNU-AT323;1,426
DEMIND_ZEIT-2004;GRNU-AT331;1,273
DEMIND_ZEIT-2004;GRNU-AT332;1,344
DEMIND_ZEIT-2004;GRNU-AT333;1,517
DEMIND_ZEIT-2004;GRNU-AT334;1,464
DEMIND_ZEIT-2004;GRNU-AT335;1,513
DEMIND_ZEIT-2004;GRNU-AT341;1,456
DEMIND_ZEIT-2004;GRNU-AT342;1,604
DEMIND_ZEIT-2004;GRNU-AT11;1,276
DEMIND_ZEIT-2004;GRNU-AT12;1,461
DEMIND_ZEIT-2004;GRNU-AT13;1,409
DEMIND_ZEIT-2004;GRNU-AT21;1,358
DEMIND_ZEIT-2004;GRNU-AT22;1,315
DEMIND_ZEIT-2004;GRNU-AT31;1,516
DEMIND_ZEIT-2004;GRNU-AT32;1,436
DEMIND_ZEIT-2004;GRNU-AT33;1,426
DEMIND_ZEIT-2004;GRNU-AT34;1,567
DEMIND_ZEIT-2004;GRNU-AT1;1,411
DEMIND_ZEIT-2004;GRNU-AT2;1,329
DEMIND_ZEIT-2004;GRNU-AT3;1,486
DEMIND_ZEIT-2004;GRNU-AT0;1,420
DEMIND_ZEIT-2005;GRNU-AT111;1,245
DEMIND_ZEIT-2005;GRNU-AT112;1,293
DEMIND_ZEIT-2005;GRNU-AT113;1,243
DEMIND_ZEIT-2005;GRNU-AT121;1,577
DEMIND_ZEIT-2005;GRNU-AT122;1,547
DEMIND_ZEIT-2005;GRNU-AT123;1,513
DEMIND_ZEIT-2005;GRNU-AT124;1,391
DEMIND_ZEIT-2005;GRNU-AT125;1,309
DEMIND_ZEIT-2005;GRNU-AT126;1,382
DEMIND_ZEIT-2005;GRNU-AT127;1,420
DEMIND_ZEIT-2005;GRNU-AT130;1,377
DEMIND_ZEIT-2005;GRNU-AT211;1,337
DEMIND_ZEIT-2005;GRNU-AT212;1,386
DEMIND_ZEIT-2005;GRNU-AT213;1,415
DEMIND_ZEIT-2005;GRNU-AT221;1,307
DEMIND_ZEIT-2005;GRNU-AT222;1,385
DEMIND_ZEIT-2005;GRNU-AT223;1,297
DEMIND_ZEIT-2005;GRNU-AT224;1,377
DEMIND_ZEIT-2005;GRNU-AT225;1,295
DEMIND_ZEIT-2005;GRNU-AT226;1,316
DEMIND_ZEIT-2005;GRNU-AT311;1,433
DEMIND_ZEIT-2005;GRNU-AT312;1,462
DEMIND_ZEIT-2005;GRNU-AT313;1,546
DEMIND_ZEIT-2005;GRNU-AT314;1,610
DEMIND_ZEIT-2005;GRNU-AT315;1,522
DEMIND_ZEIT-2005;GRNU-AT321;1,309
DEMIND_ZEIT-2005;GRNU-AT322;1,531
DEMIND_ZEIT-2005;GRNU-AT323;1,423
DEMIND_ZEIT-2005;GRNU-AT331;1,408
DEMIND_ZEIT-2005;GRNU-AT332;1,316
DEMIND_ZEIT-2005;GRNU-AT333;1,458
DEMIND_ZEIT-2005;GRNU-AT334;1,563
DEMIND_ZEIT-2005;GRNU-AT335;1,443
DEMIND_ZEIT-2005;GRNU-AT341;1,469
DEMIND_ZEIT-2005;GRNU-AT342;1,572
DEMIND_ZEIT-2005;GRNU-AT11;1,268
DEMIND_ZEIT-2005;GRNU-AT12;1,460
DEMIND_ZEIT-2005;GRNU-AT13;1,377
DEMIND_ZEIT-2005;GRNU-AT21;1,372
DEMIND_ZEIT-2005;GRNU-AT22;1,322
DEMIND_ZEIT-2005;GRNU-AT31;1,492
DEMIND_ZEIT-2005;GRNU-AT32;1,452
DEMIND_ZEIT-2005;GRNU-AT33;1,405
DEMIND_ZEIT-2005;GRNU-AT34;1,546
DEMIND_ZEIT-2005;GRNU-AT1;1,394
DEMIND_ZEIT-2005;GRNU-AT2;1,338
DEMIND_ZEIT-2005;GRNU-AT3;1,471
DEMIND_ZEIT-2005;GRNU-AT0;1,409
DEMIND_ZEIT-2006;GRNU-AT111;1,209
DEMIND_ZEIT-2006;GRNU-AT112;1,267
DEMIND_ZEIT-2006;GRNU-AT113;1,230
DEMIND_ZEIT-2006;GRNU-AT121;1,588
DEMIND_ZEIT-2006;GRNU-AT122;1,507
DEMIND_ZEIT-2006;GRNU-AT123;1,511
DEMIND_ZEIT-2006;GRNU-AT124;1,395
DEMIND_ZEIT-2006;GRNU-AT125;1,273
DEMIND_ZEIT-2006;GRNU-AT126;1,384
DEMIND_ZEIT-2006;GRNU-AT127;1,463
DEMIND_ZEIT-2006;GRNU-AT130;1,395
DEMIND_ZEIT-2006;GRNU-AT211;1,351
DEMIND_ZEIT-2006;GRNU-AT212;1,449
DEMIND_ZEIT-2006;GRNU-AT213;1,528
DEMIND_ZEIT-2006;GRNU-AT221;1,283
DEMIND_ZEIT-2006;GRNU-AT222;1,430
DEMIND_ZEIT-2006;GRNU-AT223;1,346
DEMIND_ZEIT-2006;GRNU-AT224;1,343
DEMIND_ZEIT-2006;GRNU-AT225;1,248
DEMIND_ZEIT-2006;GRNU-AT226;1,352
DEMIND_ZEIT-2006;GRNU-AT311;1,435
DEMIND_ZEIT-2006;GRNU-AT312;1,466
DEMIND_ZEIT-2006;GRNU-AT313;1,617
DEMIND_ZEIT-2006;GRNU-AT314;1,554
DEMIND_ZEIT-2006;GRNU-AT315;1,479
DEMIND_ZEIT-2006;GRNU-AT321;1,578
DEMIND_ZEIT-2006;GRNU-AT322;1,386
DEMIND_ZEIT-2006;GRNU-AT323;1,392
DEMIND_ZEIT-2006;GRNU-AT331;1,365
DEMIND_ZEIT-2006;GRNU-AT332;1,303
DEMIND_ZEIT-2006;GRNU-AT333;1,497
DEMIND_ZEIT-2006;GRNU-AT334;1,528
DEMIND_ZEIT-2006;GRNU-AT335;1,491
DEMIND_ZEIT-2006;GRNU-AT341;1,487
DEMIND_ZEIT-2006;GRNU-AT342;1,527
DEMIND_ZEIT-2006;GRNU-AT11;1,247
DEMIND_ZEIT-2006;GRNU-AT12;1,461
DEMIND_ZEIT-2006;GRNU-AT13;1,395
DEMIND_ZEIT-2006;GRNU-AT21;1,423
DEMIND_ZEIT-2006;GRNU-AT22;1,310
DEMIND_ZEIT-2006;GRNU-AT31;1,492
DEMIND_ZEIT-2006;GRNU-AT32;1,396
DEMIND_ZEIT-2006;GRNU-AT33;1,412
DEMIND_ZEIT-2006;GRNU-AT34;1,518
DEMIND_ZEIT-2006;GRNU-AT1;1,402
DEMIND_ZEIT-2006;GRNU-AT2;1,345
DEMIND_ZEIT-2006;GRNU-AT3;1,458
DEMIND_ZEIT-2006;GRNU-AT0;1,410
DEMIND_ZEIT-2007;GRNU-AT111;1,338
DEMIND_ZEIT-2007;GRNU-AT112;1,278
DEMIND_ZEIT-2007;GRNU-AT113;1,290
DEMIND_ZEIT-2007;GRNU-AT121;1,461
DEMIND_ZEIT-2007;GRNU-AT122;1,470
DEMIND_ZEIT-2007;GRNU-AT123;1,494
DEMIND_ZEIT-2007;GRNU-AT124;1,409
DEMIND_ZEIT-2007;GRNU-AT125;1,351
DEMIND_ZEIT-2007;GRNU-AT126;1,340
DEMIND_ZEIT-2007;GRNU-AT127;1,352
DEMIND_ZEIT-2007;GRNU-AT130;1,366
DEMIND_ZEIT-2007;GRNU-AT211;1,356
DEMIND_ZEIT-2007;GRNU-AT212;1,330
DEMIND_ZEIT-2007;GRNU-AT213;1,456
DEMIND_ZEIT-2007;GRNU-AT221;1,283
DEMIND_ZEIT-2007;GRNU-AT222;1,375
DEMIND_ZEIT-2007;GRNU-AT223;1,274
DEMIND_ZEIT-2007;GRNU-AT224;1,374
DEMIND_ZEIT-2007;GRNU-AT225;1,253
DEMIND_ZEIT-2007;GRNU-AT226;1,350
DEMIND_ZEIT-2007;GRNU-AT311;1,404
DEMIND_ZEIT-2007;GRNU-AT312;1,452
DEMIND_ZEIT-2007;GRNU-AT313;1,571
DEMIND_ZEIT-2007;GRNU-AT314;1,573
DEMIND_ZEIT-2007;GRNU-AT315;1,489
DEMIND_ZEIT-2007;GRNU-AT321;1,492
DEMIND_ZEIT-2007;GRNU-AT322;1,467
DEMIND_ZEIT-2007;GRNU-AT323;1,384
DEMIND_ZEIT-2007;GRNU-AT331;1,279
DEMIND_ZEIT-2007;GRNU-AT332;1,284
DEMIND_ZEIT-2007;GRNU-AT333;1,373
DEMIND_ZEIT-2007;GRNU-AT334;1,596
DEMIND_ZEIT-2007;GRNU-AT335;1,408
DEMIND_ZEIT-2007;GRNU-AT341;1,344
DEMIND_ZEIT-2007;GRNU-AT342;1,515
DEMIND_ZEIT-2007;GRNU-AT11;1,289
DEMIND_ZEIT-2007;GRNU-AT12;1,410
DEMIND_ZEIT-2007;GRNU-AT13;1,366
DEMIND_ZEIT-2007;GRNU-AT21;1,379
DEMIND_ZEIT-2007;GRNU-AT22;1,304
DEMIND_ZEIT-2007;GRNU-AT31;1,478
DEMIND_ZEIT-2007;GRNU-AT32;1,413
DEMIND_ZEIT-2007;GRNU-AT33;1,374
DEMIND_ZEIT-2007;GRNU-AT34;1,474
DEMIND_ZEIT-2007;GRNU-AT1;1,369
DEMIND_ZEIT-2007;GRNU-AT2;1,327
DEMIND_ZEIT-2007;GRNU-AT3;1,440
DEMIND_ZEIT-2007;GRNU-AT0;1,385
DEMIND_ZEIT-2008;GRNU-AT111;1,269
DEMIND_ZEIT-2008;GRNU-AT112;1,337
DEMIND_ZEIT-2008;GRNU-AT113;1,301
DEMIND_ZEIT-2008;GRNU-AT121;1,625
DEMIND_ZEIT-2008;GRNU-AT122;1,490
DEMIND_ZEIT-2008;GRNU-AT123;1,503
DEMIND_ZEIT-2008;GRNU-AT124;1,421
DEMIND_ZEIT-2008;GRNU-AT125;1,359
DEMIND_ZEIT-2008;GRNU-AT126;1,408
DEMIND_ZEIT-2008;GRNU-AT127;1,381
DEMIND_ZEIT-2008;GRNU-AT130;1,395
DEMIND_ZEIT-2008;GRNU-AT211;1,378
DEMIND_ZEIT-2008;GRNU-AT212;1,364
DEMIND_ZEIT-2008;GRNU-AT213;1,461
DEMIND_ZEIT-2008;GRNU-AT221;1,316
DEMIND_ZEIT-2008;GRNU-AT222;1,383
DEMIND_ZEIT-2008;GRNU-AT223;1,274
DEMIND_ZEIT-2008;GRNU-AT224;1,360
DEMIND_ZEIT-2008;GRNU-AT225;1,318
DEMIND_ZEIT-2008;GRNU-AT226;1,388
DEMIND_ZEIT-2008;GRNU-AT311;1,450
DEMIND_ZEIT-2008;GRNU-AT312;1,513
DEMIND_ZEIT-2008;GRNU-AT313;1,591
DEMIND_ZEIT-2008;GRNU-AT314;1,515
DEMIND_ZEIT-2008;GRNU-AT315;1,538
DEMIND_ZEIT-2008;GRNU-AT321;1,444
DEMIND_ZEIT-2008;GRNU-AT322;1,466
DEMIND_ZEIT-2008;GRNU-AT323;1,429
DEMIND_ZEIT-2008;GRNU-AT331;1,319
DEMIND_ZEIT-2008;GRNU-AT332;1,322
DEMIND_ZEIT-2008;GRNU-AT333;1,385
DEMIND_ZEIT-2008;GRNU-AT334;1,478
DEMIND_ZEIT-2008;GRNU-AT335;1,466
DEMIND_ZEIT-2008;GRNU-AT341;1,524
DEMIND_ZEIT-2008;GRNU-AT342;1,509
DEMIND_ZEIT-2008;GRNU-AT11;1,315
DEMIND_ZEIT-2008;GRNU-AT12;1,463
DEMIND_ZEIT-2008;GRNU-AT13;1,395
DEMIND_ZEIT-2008;GRNU-AT21;1,398
DEMIND_ZEIT-2008;GRNU-AT22;1,325
DEMIND_ZEIT-2008;GRNU-AT31;1,515
DEMIND_ZEIT-2008;GRNU-AT32;1,439
DEMIND_ZEIT-2008;GRNU-AT33;1,395
DEMIND_ZEIT-2008;GRNU-AT34;1,512
DEMIND_ZEIT-2008;GRNU-AT1;1,407
DEMIND_ZEIT-2008;GRNU-AT2;1,347
DEMIND_ZEIT-2008;GRNU-AT3;1,472
DEMIND_ZEIT-2008;GRNU-AT0;1,417
DEMIND_ZEIT-2009;GRNU-AT111;1,366
DEMIND_ZEIT-2009;GRNU-AT112;1,261
DEMIND_ZEIT-2009;GRNU-AT113;1,249
DEMIND_ZEIT-2009;GRNU-AT121;1,552
DEMIND_ZEIT-2009;GRNU-AT122;1,381
DEMIND_ZEIT-2009;GRNU-AT123;1,353
DEMIND_ZEIT-2009;GRNU-AT124;1,463
DEMIND_ZEIT-2009;GRNU-AT125;1,265
DEMIND_ZEIT-2009;GRNU-AT126;1,415
DEMIND_ZEIT-2009;GRNU-AT127;1,418
DEMIND_ZEIT-2009;GRNU-AT130;1,371
DEMIND_ZEIT-2009;GRNU-AT211;1,324
DEMIND_ZEIT-2009;GRNU-AT212;1,365
DEMIND_ZEIT-2009;GRNU-AT213;1,464
DEMIND_ZEIT-2009;GRNU-AT221;1,267
DEMIND_ZEIT-2009;GRNU-AT222;1,416
DEMIND_ZEIT-2009;GRNU-AT223;1,285
DEMIND_ZEIT-2009;GRNU-AT224;1,384
DEMIND_ZEIT-2009;GRNU-AT225;1,344
DEMIND_ZEIT-2009;GRNU-AT226;1,470
DEMIND_ZEIT-2009;GRNU-AT311;1,475
DEMIND_ZEIT-2009;GRNU-AT312;1,467
DEMIND_ZEIT-2009;GRNU-AT313;1,565
DEMIND_ZEIT-2009;GRNU-AT314;1,601
DEMIND_ZEIT-2009;GRNU-AT315;1,550
DEMIND_ZEIT-2009;GRNU-AT321;1,426
DEMIND_ZEIT-2009;GRNU-AT322;1,397
DEMIND_ZEIT-2009;GRNU-AT323;1,396
DEMIND_ZEIT-2009;GRNU-AT331;1,408
DEMIND_ZEIT-2009;GRNU-AT332;1,293
DEMIND_ZEIT-2009;GRNU-AT333;1,408
DEMIND_ZEIT-2009;GRNU-AT334;1,380
DEMIND_ZEIT-2009;GRNU-AT335;1,503
DEMIND_ZEIT-2009;GRNU-AT341;1,472
DEMIND_ZEIT-2009;GRNU-AT342;1,527
DEMIND_ZEIT-2009;GRNU-AT11;1,270
DEMIND_ZEIT-2009;GRNU-AT12;1,426
DEMIND_ZEIT-2009;GRNU-AT13;1,371
DEMIND_ZEIT-2009;GRNU-AT21;1,371
DEMIND_ZEIT-2009;GRNU-AT22;1,323
DEMIND_ZEIT-2009;GRNU-AT31;1,508
DEMIND_ZEIT-2009;GRNU-AT32;1,398
DEMIND_ZEIT-2009;GRNU-AT33;1,385
DEMIND_ZEIT-2009;GRNU-AT34;1,514
DEMIND_ZEIT-2009;GRNU-AT1;1,374
DEMIND_ZEIT-2009;GRNU-AT2;1,337
DEMIND_ZEIT-2009;GRNU-AT3;1,459
DEMIND_ZEIT-2009;GRNU-AT0;1,396
DEMIND_ZEIT-2010;GRNU-AT111;1,160
DEMIND_ZEIT-2010;GRNU-AT112;1,331
DEMIND_ZEIT-2010;GRNU-AT113;1,250
DEMIND_ZEIT-2010;GRNU-AT121;1,594
DEMIND_ZEIT-2010;GRNU-AT122;1,501
DEMIND_ZEIT-2010;GRNU-AT123;1,459
DEMIND_ZEIT-2010;GRNU-AT124;1,356
DEMIND_ZEIT-2010;GRNU-AT125;1,363
DEMIND_ZEIT-2010;GRNU-AT126;1,491
DEMIND_ZEIT-2010;GRNU-AT127;1,445
DEMIND_ZEIT-2010;GRNU-AT130;1,425
DEMIND_ZEIT-2010;GRNU-AT211;1,394
DEMIND_ZEIT-2010;GRNU-AT212;1,407
DEMIND_ZEIT-2010;GRNU-AT213;1,503
DEMIND_ZEIT-2010;GRNU-AT221;1,349
DEMIND_ZEIT-2010;GRNU-AT222;1,366
DEMIND_ZEIT-2010;GRNU-AT223;1,370
DEMIND_ZEIT-2010;GRNU-AT224;1,432
DEMIND_ZEIT-2010;GRNU-AT225;1,330
DEMIND_ZEIT-2010;GRNU-AT226;1,373
DEMIND_ZEIT-2010;GRNU-AT311;1,497
DEMIND_ZEIT-2010;GRNU-AT312;1,563
DEMIND_ZEIT-2010;GRNU-AT313;1,620
DEMIND_ZEIT-2010;GRNU-AT314;1,637
DEMIND_ZEIT-2010;GRNU-AT315;1,496
DEMIND_ZEIT-2010;GRNU-AT321;1,581
DEMIND_ZEIT-2010;GRNU-AT322;1,545
DEMIND_ZEIT-2010;GRNU-AT323;1,435
DEMIND_ZEIT-2010;GRNU-AT331;1,398
DEMIND_ZEIT-2010;GRNU-AT332;1,356
DEMIND_ZEIT-2010;GRNU-AT333;1,512
DEMIND_ZEIT-2010;GRNU-AT334;1,401
DEMIND_ZEIT-2010;GRNU-AT335;1,532
DEMIND_ZEIT-2010;GRNU-AT341;1,564
DEMIND_ZEIT-2010;GRNU-AT342;1,556
DEMIND_ZEIT-2010;GRNU-AT11;1,282
DEMIND_ZEIT-2010;GRNU-AT12;1,473
DEMIND_ZEIT-2010;GRNU-AT13;1,425
DEMIND_ZEIT-2010;GRNU-AT21;1,427
DEMIND_ZEIT-2010;GRNU-AT22;1,359
DEMIND_ZEIT-2010;GRNU-AT31;1,554
DEMIND_ZEIT-2010;GRNU-AT32;1,471
DEMIND_ZEIT-2010;GRNU-AT33;1,429
DEMIND_ZEIT-2010;GRNU-AT34;1,557
DEMIND_ZEIT-2010;GRNU-AT1;1,423
DEMIND_ZEIT-2010;GRNU-AT2;1,379
DEMIND_ZEIT-2010;GRNU-AT3;1,509
DEMIND_ZEIT-2010;GRNU-AT0;1,444
DEMIND_ZEIT-2011;GRNU-AT111;1,376
DEMIND_ZEIT-2011;GRNU-AT112;1,312
DEMIND_ZEIT-2011;GRNU-AT113;1,206
DEMIND_ZEIT-2011;GRNU-AT121;1,558
DEMIND_ZEIT-2011;GRNU-AT122;1,506
DEMIND_ZEIT-2011;GRNU-AT123;1,481
DEMIND_ZEIT-2011;GRNU-AT124;1,452
DEMIND_ZEIT-2011;GRNU-AT125;1,448
DEMIND_ZEIT-2011;GRNU-AT126;1,462
DEMIND_ZEIT-2011;GRNU-AT127;1,424
DEMIND_ZEIT-2011;GRNU-AT130;1,424
DEMIND_ZEIT-2011;GRNU-AT211;1,378
DEMIND_ZEIT-2011;GRNU-AT212;1,374
DEMIND_ZEIT-2011;GRNU-AT213;1,466
DEMIND_ZEIT-2011;GRNU-AT221;1,259
DEMIND_ZEIT-2011;GRNU-AT222;1,345
DEMIND_ZEIT-2011;GRNU-AT223;1,306
DEMIND_ZEIT-2011;GRNU-AT224;1,494
DEMIND_ZEIT-2011;GRNU-AT225;1,352
DEMIND_ZEIT-2011;GRNU-AT226;1,430
DEMIND_ZEIT-2011;GRNU-AT311;1,422
DEMIND_ZEIT-2011;GRNU-AT312;1,537
DEMIND_ZEIT-2011;GRNU-AT313;1,627
DEMIND_ZEIT-2011;GRNU-AT314;1,574
DEMIND_ZEIT-2011;GRNU-AT315;1,524
DEMIND_ZEIT-2011;GRNU-AT321;1,393
DEMIND_ZEIT-2011;GRNU-AT322;1,567
DEMIND_ZEIT-2011;GRNU-AT323;1,417
DEMIND_ZEIT-2011;GRNU-AT331;1,411
DEMIND_ZEIT-2011;GRNU-AT332;1,314
DEMIND_ZEIT-2011;GRNU-AT333;1,439
DEMIND_ZEIT-2011;GRNU-AT334;1,443
DEMIND_ZEIT-2011;GRNU-AT335;1,522
DEMIND_ZEIT-2011;GRNU-AT341;1,425
DEMIND_ZEIT-2011;GRNU-AT342;1,559
DEMIND_ZEIT-2011;GRNU-AT11;1,284
DEMIND_ZEIT-2011;GRNU-AT12;1,480
DEMIND_ZEIT-2011;GRNU-AT13;1,424
DEMIND_ZEIT-2011;GRNU-AT21;1,401
DEMIND_ZEIT-2011;GRNU-AT22;1,334
DEMIND_ZEIT-2011;GRNU-AT31;1,528
DEMIND_ZEIT-2011;GRNU-AT32;1,460
DEMIND_ZEIT-2011;GRNU-AT33;1,410
DEMIND_ZEIT-2011;GRNU-AT34;1,527
DEMIND_ZEIT-2011;GRNU-AT1;1,425
DEMIND_ZEIT-2011;GRNU-AT2;1,354
DEMIND_ZEIT-2011;GRNU-AT3;1,487
DEMIND_ZEIT-2011;GRNU-AT0;1,432
DEMIND_ZEIT-2012;GRNU-AT111;1,282
DEMIND_ZEIT-2012;GRNU-AT112;1,353
DEMIND_ZEIT-2012;GRNU-AT113;1,215
DEMIND_ZEIT-2012;GRNU-AT121;1,603
DEMIND_ZEIT-2012;GRNU-AT122;1,508
DEMIND_ZEIT-2012;GRNU-AT123;1,427
DEMIND_ZEIT-2012;GRNU-AT124;1,436
DEMIND_ZEIT-2012;GRNU-AT125;1,398
DEMIND_ZEIT-2012;GRNU-AT126;1,458
DEMIND_ZEIT-2012;GRNU-AT127;1,479
DEMIND_ZEIT-2012;GRNU-AT130;1,405
DEMIND_ZEIT-2012;GRNU-AT211;1,384
DEMIND_ZEIT-2012;GRNU-AT212;1,376
DEMIND_ZEIT-2012;GRNU-AT213;1,490
DEMIND_ZEIT-2012;GRNU-AT221;1,276
DEMIND_ZEIT-2012;GRNU-AT222;1,431
DEMIND_ZEIT-2012;GRNU-AT223;1,337
DEMIND_ZEIT-2012;GRNU-AT224;1,473
DEMIND_ZEIT-2012;GRNU-AT225;1,437
DEMIND_ZEIT-2012;GRNU-AT226;1,441
DEMIND_ZEIT-2012;GRNU-AT311;1,525
DEMIND_ZEIT-2012;GRNU-AT312;1,540
DEMIND_ZEIT-2012;GRNU-AT313;1,623
DEMIND_ZEIT-2012;GRNU-AT314;1,558
DEMIND_ZEIT-2012;GRNU-AT315;1,568
DEMIND_ZEIT-2012;GRNU-AT321;1,667
DEMIND_ZEIT-2012;GRNU-AT322;1,493
DEMIND_ZEIT-2012;GRNU-AT323;1,438
DEMIND_ZEIT-2012;GRNU-AT331;1,441
DEMIND_ZEIT-2012;GRNU-AT332;1,396
DEMIND_ZEIT-2012;GRNU-AT333;1,450
DEMIND_ZEIT-2012;GRNU-AT334;1,461
DEMIND_ZEIT-2012;GRNU-AT335;1,505
DEMIND_ZEIT-2012;GRNU-AT341;1,465
DEMIND_ZEIT-2012;GRNU-AT342;1,587
DEMIND_ZEIT-2012;GRNU-AT11;1,298
DEMIND_ZEIT-2012;GRNU-AT12;1,486
DEMIND_ZEIT-2012;GRNU-AT13;1,405
DEMIND_ZEIT-2012;GRNU-AT21;1,410
DEMIND_ZEIT-2012;GRNU-AT22;1,358
DEMIND_ZEIT-2012;GRNU-AT31;1,553
DEMIND_ZEIT-2012;GRNU-AT32;1,462
DEMIND_ZEIT-2012;GRNU-AT33;1,442
DEMIND_ZEIT-2012;GRNU-AT34;1,558
DEMIND_ZEIT-2012;GRNU-AT1;1,418
DEMIND_ZEIT-2012;GRNU-AT2;1,373
DEMIND_ZEIT-2012;GRNU-AT3;1,510
DEMIND_ZEIT-2012;GRNU-AT0;1,441
DEMIND_ZEIT-2013;GRNU-AT111;1,277
DEMIND_ZEIT-2013;GRNU-AT112;1,284
DEMIND_ZEIT-2013;GRNU-AT113;1,257
DEMIND_ZEIT-2013;GRNU-AT121;1,600
DEMIND_ZEIT-2013;GRNU-AT122;1,509
DEMIND_ZEIT-2013;GRNU-AT123;1,513
DEMIND_ZEIT-2013;GRNU-AT124;1,400
DEMIND_ZEIT-2013;GRNU-AT125;1,420
DEMIND_ZEIT-2013;GRNU-AT126;1,449
DEMIND_ZEIT-2013;GRNU-AT127;1,435
DEMIND_ZEIT-2013;GRNU-AT130;1,404
DEMIND_ZEIT-2013;GRNU-AT211;1,334
DEMIND_ZEIT-2013;GRNU-AT212;1,510
DEMIND_ZEIT-2013;GRNU-AT213;1,487
DEMIND_ZEIT-2013;GRNU-AT221;1,271
DEMIND_ZEIT-2013;GRNU-AT222;1,389
DEMIND_ZEIT-2013;GRNU-AT223;1,385
DEMIND_ZEIT-2013;GRNU-AT224;1,492
DEMIND_ZEIT-2013;GRNU-AT225;1,346
DEMIND_ZEIT-2013;GRNU-AT226;1,491
DEMIND_ZEIT-2013;GRNU-AT311;1,509
DEMIND_ZEIT-2013;GRNU-AT312;1,535
DEMIND_ZEIT-2013;GRNU-AT313;1,560
DEMIND_ZEIT-2013;GRNU-AT314;1,616
DEMIND_ZEIT-2013;GRNU-AT315;1,595
DEMIND_ZEIT-2013;GRNU-AT321;1,155
DEMIND_ZEIT-2013;GRNU-AT322;1,544
DEMIND_ZEIT-2013;GRNU-AT323;1,478
DEMIND_ZEIT-2013;GRNU-AT331;1,391
DEMIND_ZEIT-2013;GRNU-AT332;1,345
DEMIND_ZEIT-2013;GRNU-AT333;1,489
DEMIND_ZEIT-2013;GRNU-AT334;1,493
DEMIND_ZEIT-2013;GRNU-AT335;1,548
DEMIND_ZEIT-2013;GRNU-AT341;1,531
DEMIND_ZEIT-2013;GRNU-AT342;1,516
DEMIND_ZEIT-2013;GRNU-AT11;1,275
DEMIND_ZEIT-2013;GRNU-AT12;1,480
DEMIND_ZEIT-2013;GRNU-AT13;1,404
DEMIND_ZEIT-2013;GRNU-AT21;1,411
DEMIND_ZEIT-2013;GRNU-AT22;1,351
DEMIND_ZEIT-2013;GRNU-AT31;1,549
DEMIND_ZEIT-2013;GRNU-AT32;1,485
DEMIND_ZEIT-2013;GRNU-AT33;1,438
DEMIND_ZEIT-2013;GRNU-AT34;1,518
DEMIND_ZEIT-2013;GRNU-AT1;1,413
DEMIND_ZEIT-2013;GRNU-AT2;1,368
DEMIND_ZEIT-2013;GRNU-AT3;1,506
DEMIND_ZEIT-2013;GRNU-AT0;1,437
DEMIND_ZEIT-2014;GRNU-AT111;1,400
DEMIND_ZEIT-2014;GRNU-AT112;1,340
DEMIND_ZEIT-2014;GRNU-AT113;1,287
DEMIND_ZEIT-2014;GRNU-AT121;1,624
DEMIND_ZEIT-2014;GRNU-AT122;1,532
DEMIND_ZEIT-2014;GRNU-AT123;1,514
DEMIND_ZEIT-2014;GRNU-AT124;1,393
DEMIND_ZEIT-2014;GRNU-AT125;1,415
DEMIND_ZEIT-2014;GRNU-AT126;1,500
DEMIND_ZEIT-2014;GRNU-AT127;1,492
DEMIND_ZEIT-2014;GRNU-AT130;1,409
DEMIND_ZEIT-2014;GRNU-AT211;1,376
DEMIND_ZEIT-2014;GRNU-AT212;1,535
DEMIND_ZEIT-2014;GRNU-AT213;1,440
DEMIND_ZEIT-2014;GRNU-AT221;1,300
DEMIND_ZEIT-2014;GRNU-AT222;1,465
DEMIND_ZEIT-2014;GRNU-AT223;1,317
DEMIND_ZEIT-2014;GRNU-AT224;1,565
DEMIND_ZEIT-2014;GRNU-AT225;1,302
DEMIND_ZEIT-2014;GRNU-AT226;1,407
DEMIND_ZEIT-2014;GRNU-AT311;1,513
DEMIND_ZEIT-2014;GRNU-AT312;1,596
DEMIND_ZEIT-2014;GRNU-AT313;1,718
DEMIND_ZEIT-2014;GRNU-AT314;1,614
DEMIND_ZEIT-2014;GRNU-AT315;1,678
DEMIND_ZEIT-2014;GRNU-AT321;1,605
DEMIND_ZEIT-2014;GRNU-AT322;1,605
DEMIND_ZEIT-2014;GRNU-AT323;1,521
DEMIND_ZEIT-2014;GRNU-AT331;1,389
DEMIND_ZEIT-2014;GRNU-AT332;1,359
DEMIND_ZEIT-2014;GRNU-AT333;1,530
DEMIND_ZEIT-2014;GRNU-AT334;1,542
DEMIND_ZEIT-2014;GRNU-AT335;1,519
DEMIND_ZEIT-2014;GRNU-AT341;1,575
DEMIND_ZEIT-2014;GRNU-AT342;1,621
DEMIND_ZEIT-2014;GRNU-AT11;1,330
DEMIND_ZEIT-2014;GRNU-AT12;1,508
DEMIND_ZEIT-2014;GRNU-AT13;1,409
DEMIND_ZEIT-2014;GRNU-AT21;1,427
DEMIND_ZEIT-2014;GRNU-AT22;1,359
DEMIND_ZEIT-2014;GRNU-AT31;1,609
DEMIND_ZEIT-2014;GRNU-AT32;1,548
DEMIND_ZEIT-2014;GRNU-AT33;1,444
DEMIND_ZEIT-2014;GRNU-AT34;1,610
DEMIND_ZEIT-2014;GRNU-AT1;1,430
DEMIND_ZEIT-2014;GRNU-AT2;1,378
DEMIND_ZEIT-2014;GRNU-AT3;1,558
DEMIND_ZEIT-2014;GRNU-AT0;1,465
DEMIND_ZEIT-2015;GRNU-AT111;1,385
DEMIND_ZEIT-2015;GRNU-AT112;1,359
DEMIND_ZEIT-2015;GRNU-AT113;1,390
DEMIND_ZEIT-2015;GRNU-AT121;1,627
DEMIND_ZEIT-2015;GRNU-AT122;1,583
DEMIND_ZEIT-2015;GRNU-AT123;1,537
DEMIND_ZEIT-2015;GRNU-AT124;1,480
DEMIND_ZEIT-2015;GRNU-AT125;1,484
DEMIND_ZEIT-2015;GRNU-AT126;1,490
DEMIND_ZEIT-2015;GRNU-AT127;1,457
DEMIND_ZEIT-2015;GRNU-AT130;1,422
DEMIND_ZEIT-2015;GRNU-AT211;1,358
DEMIND_ZEIT-2015;GRNU-AT212;1,516
DEMIND_ZEIT-2015;GRNU-AT213;1,528
DEMIND_ZEIT-2015;GRNU-AT221;1,402
DEMIND_ZEIT-2015;GRNU-AT222;1,534
DEMIND_ZEIT-2015;GRNU-AT223;1,459
DEMIND_ZEIT-2015;GRNU-AT224;1,522
DEMIND_ZEIT-2015;GRNU-AT225;1,468
DEMIND_ZEIT-2015;GRNU-AT226;1,595
DEMIND_ZEIT-2015;GRNU-AT311;1,597
DEMIND_ZEIT-2015;GRNU-AT312;1,574
DEMIND_ZEIT-2015;GRNU-AT313;1,733
DEMIND_ZEIT-2015;GRNU-AT314;1,641
DEMIND_ZEIT-2015;GRNU-AT315;1,621
DEMIND_ZEIT-2015;GRNU-AT321;1,547
DEMIND_ZEIT-2015;GRNU-AT322;1,618
DEMIND_ZEIT-2015;GRNU-AT323;1,517
DEMIND_ZEIT-2015;GRNU-AT331;1,603
DEMIND_ZEIT-2015;GRNU-AT332;1,442
DEMIND_ZEIT-2015;GRNU-AT333;1,658
DEMIND_ZEIT-2015;GRNU-AT334;1,515
DEMIND_ZEIT-2015;GRNU-AT335;1,625
DEMIND_ZEIT-2015;GRNU-AT341;1,649
DEMIND_ZEIT-2015;GRNU-AT342;1,631
DEMIND_ZEIT-2015;GRNU-AT11;1,373
DEMIND_ZEIT-2015;GRNU-AT12;1,526
DEMIND_ZEIT-2015;GRNU-AT13;1,422
DEMIND_ZEIT-2015;GRNU-AT21;1,436
DEMIND_ZEIT-2015;GRNU-AT22;1,447
DEMIND_ZEIT-2015;GRNU-AT31;1,612
DEMIND_ZEIT-2015;GRNU-AT32;1,547
DEMIND_ZEIT-2015;GRNU-AT33;1,526
DEMIND_ZEIT-2015;GRNU-AT34;1,635
DEMIND_ZEIT-2015;GRNU-AT1;1,447
DEMIND_ZEIT-2015;GRNU-AT2;1,443
DEMIND_ZEIT-2015;GRNU-AT3;1,582
DEMIND_ZEIT-2015;GRNU-AT0;1,494
DEMIND_ZEIT-2016;GRNU-AT111;1,411
DEMIND_ZEIT-2016;GRNU-AT112;1,407
DEMIND_ZEIT-2016;GRNU-AT113;1,406
DEMIND_ZEIT-2016;GRNU-AT121;1,704
DEMIND_ZEIT-2016;GRNU-AT122;1,589
DEMIND_ZEIT-2016;GRNU-AT123;1,575
DEMIND_ZEIT-2016;GRNU-AT124;1,603
DEMIND_ZEIT-2016;GRNU-AT125;1,545
DEMIND_ZEIT-2016;GRNU-AT126;1,586
DEMIND_ZEIT-2016;GRNU-AT127;1,524
DEMIND_ZEIT-2016;GRNU-AT130;1,448
DEMIND_ZEIT-2016;GRNU-AT211;1,480
DEMIND_ZEIT-2016;GRNU-AT212;1,561
DEMIND_ZEIT-2016;GRNU-AT213;1,504
DEMIND_ZEIT-2016;GRNU-AT221;1,394
DEMIND_ZEIT-2016;GRNU-AT222;1,573
DEMIND_ZEIT-2016;GRNU-AT223;1,461
DEMIND_ZEIT-2016;GRNU-AT224;1,561
DEMIND_ZEIT-2016;GRNU-AT225;1,424
DEMIND_ZEIT-2016;GRNU-AT226;1,552
DEMIND_ZEIT-2016;GRNU-AT311;1,703
DEMIND_ZEIT-2016;GRNU-AT312;1,626
DEMIND_ZEIT-2016;GRNU-AT313;1,750
DEMIND_ZEIT-2016;GRNU-AT314;1,669
DEMIND_ZEIT-2016;GRNU-AT315;1,760
DEMIND_ZEIT-2016;GRNU-AT321;1,555
DEMIND_ZEIT-2016;GRNU-AT322;1,677
DEMIND_ZEIT-2016;GRNU-AT323;1,523
DEMIND_ZEIT-2016;GRNU-AT331;1,482
DEMIND_ZEIT-2016;GRNU-AT332;1,401
DEMIND_ZEIT-2016;GRNU-AT333;1,461
DEMIND_ZEIT-2016;GRNU-AT334;1,582
DEMIND_ZEIT-2016;GRNU-AT335;1,650
DEMIND_ZEIT-2016;GRNU-AT341;1,806
DEMIND_ZEIT-2016;GRNU-AT342;1,677
DEMIND_ZEIT-2016;GRNU-AT11;1,408
DEMIND_ZEIT-2016;GRNU-AT12;1,593
DEMIND_ZEIT-2016;GRNU-AT13;1,448
DEMIND_ZEIT-2016;GRNU-AT21;1,503
DEMIND_ZEIT-2016;GRNU-AT22;1,444
DEMIND_ZEIT-2016;GRNU-AT31;1,680
DEMIND_ZEIT-2016;GRNU-AT32;1,569
DEMIND_ZEIT-2016;GRNU-AT33;1,507
DEMIND_ZEIT-2016;GRNU-AT34;1,706
DEMIND_ZEIT-2016;GRNU-AT1;1,489
DEMIND_ZEIT-2016;GRNU-AT2;1,460
DEMIND_ZEIT-2016;GRNU-AT3;1,620
DEMIND_ZEIT-2016;GRNU-AT0;1,529
DEMIND_ZEIT-2017;GRNU-AT111;1,361
DEMIND_ZEIT-2017;GRNU-AT112;1,344
DEMIND_ZEIT-2017;GRNU-AT113;1,383
DEMIND_ZEIT-2017;GRNU-AT121;1,703
DEMIND_ZEIT-2017;GRNU-AT122;1,571
DEMIND_ZEIT-2017;GRNU-AT123;1,631
DEMIND_ZEIT-2017;GRNU-AT124;1,582
DEMIND_ZEIT-2017;GRNU-AT125;1,422
DEMIND_ZEIT-2017;GRNU-AT126;1,547
DEMIND_ZEIT-2017;GRNU-AT127;1,511
DEMIND_ZEIT-2017;GRNU-AT130;1,414
DEMIND_ZEIT-2017;GRNU-AT211;1,449
DEMIND_ZEIT-2017;GRNU-AT212;1,566
DEMIND_ZEIT-2017;GRNU-AT213;1,611
DEMIND_ZEIT-2017;GRNU-AT221;1,358
DEMIND_ZEIT-2017;GRNU-AT222;1,576
DEMIND_ZEIT-2017;GRNU-AT223;1,519
DEMIND_ZEIT-2017;GRNU-AT224;1,657
DEMIND_ZEIT-2017;GRNU-AT225;1,485
DEMIND_ZEIT-2017;GRNU-AT226;1,531
DEMIND_ZEIT-2017;GRNU-AT311;1,675
DEMIND_ZEIT-2017;GRNU-AT312;1,629
DEMIND_ZEIT-2017;GRNU-AT313;1,745
DEMIND_ZEIT-2017;GRNU-AT314;1,640
DEMIND_ZEIT-2017;GRNU-AT315;1,690
DEMIND_ZEIT-2017;GRNU-AT321;1,603
DEMIND_ZEIT-2017;GRNU-AT322;1,677
DEMIND_ZEIT-2017;GRNU-AT323;1,583
DEMIND_ZEIT-2017;GRNU-AT331;1,417
DEMIND_ZEIT-2017;GRNU-AT332;1,395
DEMIND_ZEIT-2017;GRNU-AT333;1,753
DEMIND_ZEIT-2017;GRNU-AT334;1,663
DEMIND_ZEIT-2017;GRNU-AT335;1,628
DEMIND_ZEIT-2017;GRNU-AT341;1,741
DEMIND_ZEIT-2017;GRNU-AT342;1,655
DEMIND_ZEIT-2017;GRNU-AT11;1,359
DEMIND_ZEIT-2017;GRNU-AT12;1,574
DEMIND_ZEIT-2017;GRNU-AT13;1,414
DEMIND_ZEIT-2017;GRNU-AT21;1,514
DEMIND_ZEIT-2017;GRNU-AT22;1,463
DEMIND_ZEIT-2017;GRNU-AT31;1,662
DEMIND_ZEIT-2017;GRNU-AT32;1,611
DEMIND_ZEIT-2017;GRNU-AT33;1,524
DEMIND_ZEIT-2017;GRNU-AT34;1,674
DEMIND_ZEIT-2017;GRNU-AT1;1,458
DEMIND_ZEIT-2017;GRNU-AT2;1,477
DEMIND_ZEIT-2017;GRNU-AT3;1,620
DEMIND_ZEIT-2017;GRNU-AT0;1,518
DEMIND_ZEIT-2018;GRNU-AT111;1,474
DEMIND_ZEIT-2018;GRNU-AT112;1,388
DEMIND_ZEIT-2018;GRNU-AT113;1,314
DEMIND_ZEIT-2018;GRNU-AT121;1,629
DEMIND_ZEIT-2018;GRNU-AT122;1,539
DEMIND_ZEIT-2018;GRNU-AT123;1,509
DEMIND_ZEIT-2018;GRNU-AT124;1,507
DEMIND_ZEIT-2018;GRNU-AT125;1,399
DEMIND_ZEIT-2018;GRNU-AT126;1,516
DEMIND_ZEIT-2018;GRNU-AT127;1,484
DEMIND_ZEIT-2018;GRNU-AT130;1,363
DEMIND_ZEIT-2018;GRNU-AT211;1,386
DEMIND_ZEIT-2018;GRNU-AT212;1,477
DEMIND_ZEIT-2018;GRNU-AT213;1,532
DEMIND_ZEIT-2018;GRNU-AT221;1,346
DEMIND_ZEIT-2018;GRNU-AT222;1,637
DEMIND_ZEIT-2018;GRNU-AT223;1,389
DEMIND_ZEIT-2018;GRNU-AT224;1,537
DEMIND_ZEIT-2018;GRNU-AT225;1,478
DEMIND_ZEIT-2018;GRNU-AT226;1,484
DEMIND_ZEIT-2018;GRNU-AT311;1,642
DEMIND_ZEIT-2018;GRNU-AT312;1,579
DEMIND_ZEIT-2018;GRNU-AT313;1,729
DEMIND_ZEIT-2018;GRNU-AT314;1,602
DEMIND_ZEIT-2018;GRNU-AT315;1,637
DEMIND_ZEIT-2018;GRNU-AT321;1,424
DEMIND_ZEIT-2018;GRNU-AT322;1,593
DEMIND_ZEIT-2018;GRNU-AT323;1,517
DEMIND_ZEIT-2018;GRNU-AT331;1,480
DEMIND_ZEIT-2018;GRNU-AT332;1,402
DEMIND_ZEIT-2018;GRNU-AT333;1,690
DEMIND_ZEIT-2018;GRNU-AT334;1,655
DEMIND_ZEIT-2018;GRNU-AT335;1,571
DEMIND_ZEIT-2018;GRNU-AT341;1,601
DEMIND_ZEIT-2018;GRNU-AT342;1,700
DEMIND_ZEIT-2018;GRNU-AT11;1,375
DEMIND_ZEIT-2018;GRNU-AT12;1,523
DEMIND_ZEIT-2018;GRNU-AT13;1,363
DEMIND_ZEIT-2018;GRNU-AT21;1,441
DEMIND_ZEIT-2018;GRNU-AT22;1,420
DEMIND_ZEIT-2018;GRNU-AT31;1,621
DEMIND_ZEIT-2018;GRNU-AT32;1,535
DEMIND_ZEIT-2018;GRNU-AT33;1,505
DEMIND_ZEIT-2018;GRNU-AT34;1,678
DEMIND_ZEIT-2018;GRNU-AT1;1,413
DEMIND_ZEIT-2018;GRNU-AT2;1,425
DEMIND_ZEIT-2018;GRNU-AT3;1,584
DEMIND_ZEIT-2018;GRNU-AT0;1,475
DEMIND_ZEIT-2019;GRNU-AT111;1,216
DEMIND_ZEIT-2019;GRNU-AT112;1,415
DEMIND_ZEIT-2019;GRNU-AT113;1,405
DEMIND_ZEIT-2019;GRNU-AT121;1,619
DEMIND_ZEIT-2019;GRNU-AT122;1,494
DEMIND_ZEIT-2019;GRNU-AT123;1,525
DEMIND_ZEIT-2019;GRNU-AT124;1,506
DEMIND_ZEIT-2019;GRNU-AT125;1,498
DEMIND_ZEIT-2019;GRNU-AT126;1,467
DEMIND_ZEIT-2019;GRNU-AT127;1,420
DEMIND_ZEIT-2019;GRNU-AT130;1,348
DEMIND_ZEIT-2019;GRNU-AT211;1,343
DEMIND_ZEIT-2019;GRNU-AT212;1,466
DEMIND_ZEIT-2019;GRNU-AT213;1,466
DEMIND_ZEIT-2019;GRNU-AT221;1,357
DEMIND_ZEIT-2019;GRNU-AT222;1,517
DEMIND_ZEIT-2019;GRNU-AT223;1,420
DEMIND_ZEIT-2019;GRNU-AT224;1,545
DEMIND_ZEIT-2019;GRNU-AT225;1,406
DEMIND_ZEIT-2019;GRNU-AT226;1,497
DEMIND_ZEIT-2019;GRNU-AT311;1,663
DEMIND_ZEIT-2019;GRNU-AT312;1,535
DEMIND_ZEIT-2019;GRNU-AT313;1,704
DEMIND_ZEIT-2019;GRNU-AT314;1,573
DEMIND_ZEIT-2019;GRNU-AT315;1,662
DEMIND_ZEIT-2019;GRNU-AT321;1,435
DEMIND_ZEIT-2019;GRNU-AT322;1,686
DEMIND_ZEIT-2019;GRNU-AT323;1,540
DEMIND_ZEIT-2019;GRNU-AT331;1,526
DEMIND_ZEIT-2019;GRNU-AT332;1,363
DEMIND_ZEIT-2019;GRNU-AT333;1,841
DEMIND_ZEIT-2019;GRNU-AT334;1,628
DEMIND_ZEIT-2019;GRNU-AT335;1,483
DEMIND_ZEIT-2019;GRNU-AT341;1,668
DEMIND_ZEIT-2019;GRNU-AT342;1,680
DEMIND_ZEIT-2019;GRNU-AT11;1,390
DEMIND_ZEIT-2019;GRNU-AT12;1,500
DEMIND_ZEIT-2019;GRNU-AT13;1,348
DEMIND_ZEIT-2019;GRNU-AT21;1,399
DEMIND_ZEIT-2019;GRNU-AT22;1,412
DEMIND_ZEIT-2019;GRNU-AT31;1,604
DEMIND_ZEIT-2019;GRNU-AT32;1,579
DEMIND_ZEIT-2019;GRNU-AT33;1,465
DEMIND_ZEIT-2019;GRNU-AT34;1,677
DEMIND_ZEIT-2019;GRNU-AT1;1,397
DEMIND_ZEIT-2019;GRNU-AT2;1,407
DEMIND_ZEIT-2019;GRNU-AT3;1,574
DEMIND_ZEIT-2019;GRNU-AT0;1,461
DEMIND_ZEIT-2020;GRNU-AT111;1,162
DEMIND_ZEIT-2020;GRNU-AT112;1,384
DEMIND_ZEIT-2020;GRNU-AT113;1,248
DEMIND_ZEIT-2020;GRNU-AT121;1,587
DEMIND_ZEIT-2020;GRNU-AT122;1,561
DEMIND_ZEIT-2020;GRNU-AT123;1,488
DEMIND_ZEIT-2020;GRNU-AT124;1,422
DEMIND_ZEIT-2020;GRNU-AT125;1,519
DEMIND_ZEIT-2020;GRNU-AT126;1,439
DEMIND_ZEIT-2020;GRNU-AT127;1,455
DEMIND_ZEIT-2020;GRNU-AT130;1,289
DEMIND_ZEIT-2020;GRNU-AT211;1,357
DEMIND_ZEIT-2020;GRNU-AT212;1,435
DEMIND_ZEIT-2020;GRNU-AT213;1,588
DEMIND_ZEIT-2020;GRNU-AT221;1,320
DEMIND_ZEIT-2020;GRNU-AT222;1,523
DEMIND_ZEIT-2020;GRNU-AT223;1,333
DEMIND_ZEIT-2020;GRNU-AT224;1,584
DEMIND_ZEIT-2020;GRNU-AT225;1,499
DEMIND_ZEIT-2020;GRNU-AT226;1,514
DEMIND_ZEIT-2020;GRNU-AT311;1,618
DEMIND_ZEIT-2020;GRNU-AT312;1,506
DEMIND_ZEIT-2020;GRNU-AT313;1,654
DEMIND_ZEIT-2020;GRNU-AT314;1,612
DEMIND_ZEIT-2020;GRNU-AT315;1,595
DEMIND_ZEIT-2020;GRNU-AT321;1,643
DEMIND_ZEIT-2020;GRNU-AT322;1,694
DEMIND_ZEIT-2020;GRNU-AT323;1,507
DEMIND_ZEIT-2020;GRNU-AT331;1,555
DEMIND_ZEIT-2020;GRNU-AT332;1,346
DEMIND_ZEIT-2020;GRNU-AT333;1,676
DEMIND_ZEIT-2020;GRNU-AT334;1,643
DEMIND_ZEIT-2020;GRNU-AT335;1,514
DEMIND_ZEIT-2020;GRNU-AT341;1,686
DEMIND_ZEIT-2020;GRNU-AT342;1,615
DEMIND_ZEIT-2020;GRNU-AT11;1,317
DEMIND_ZEIT-2020;GRNU-AT12;1,495
DEMIND_ZEIT-2020;GRNU-AT13;1,289
DEMIND_ZEIT-2020;GRNU-AT21;1,432
DEMIND_ZEIT-2020;GRNU-AT22;1,410
DEMIND_ZEIT-2020;GRNU-AT31;1,570
DEMIND_ZEIT-2020;GRNU-AT32;1,566
DEMIND_ZEIT-2020;GRNU-AT33;1,462
DEMIND_ZEIT-2020;GRNU-AT34;1,630
DEMIND_ZEIT-2020;GRNU-AT1;1,357
DEMIND_ZEIT-2020;GRNU-AT2;1,416
DEMIND_ZEIT-2020;GRNU-AT3;1,550
DEMIND_ZEIT-2020;GRNU-AT0;1,436
DEMIND_ZEIT-2021;GRNU-AT111;1,238
DEMIND_ZEIT-2021;GRNU-AT112;1,400
DEMIND_ZEIT-2021;GRNU-AT113;1,460
DEMIND_ZEIT-2021;GRNU-AT121;1,680
DEMIND_ZEIT-2021;GRNU-AT122;1,511
DEMIND_ZEIT-2021;GRNU-AT123;1,594
DEMIND_ZEIT-2021;GRNU-AT124;1,523
DEMIND_ZEIT-2021;GRNU-AT125;1,508
DEMIND_ZEIT-2021;GRNU-AT126;1,558
DEMIND_ZEIT-2021;GRNU-AT127;1,528
DEMIND_ZEIT-2021;GRNU-AT130;1,297
DEMIND_ZEIT-2021;GRNU-AT211;1,405
DEMIND_ZEIT-2021;GRNU-AT212;1,547
DEMIND_ZEIT-2021;GRNU-AT213;1,490
DEMIND_ZEIT-2021;GRNU-AT221;1,366
DEMIND_ZEIT-2021;GRNU-AT222;1,638
DEMIND_ZEIT-2021;GRNU-AT223;1,493
DEMIND_ZEIT-2021;GRNU-AT224;1,651
DEMIND_ZEIT-2021;GRNU-AT225;1,484
DEMIND_ZEIT-2021;GRNU-AT226;1,582
DEMIND_ZEIT-2021;GRNU-AT311;1,697
DEMIND_ZEIT-2021;GRNU-AT312;1,532
DEMIND_ZEIT-2021;GRNU-AT313;1,701
DEMIND_ZEIT-2021;GRNU-AT314;1,701
DEMIND_ZEIT-2021;GRNU-AT315;1,642
DEMIND_ZEIT-2021;GRNU-AT321;1,593
DEMIND_ZEIT-2021;GRNU-AT322;1,670
DEMIND_ZEIT-2021;GRNU-AT323;1,524
DEMIND_ZEIT-2021;GRNU-AT331;1,456
DEMIND_ZEIT-2021;GRNU-AT332;1,455
DEMIND_ZEIT-2021;GRNU-AT333;1,732
DEMIND_ZEIT-2021;GRNU-AT334;1,596
DEMIND_ZEIT-2021;GRNU-AT335;1,640
DEMIND_ZEIT-2021;GRNU-AT341;1,767
DEMIND_ZEIT-2021;GRNU-AT342;1,637
DEMIND_ZEIT-2021;GRNU-AT11;1,401
DEMIND_ZEIT-2021;GRNU-AT12;1,561
DEMIND_ZEIT-2021;GRNU-AT13;1,297
DEMIND_ZEIT-2021;GRNU-AT21;1,456
DEMIND_ZEIT-2021;GRNU-AT22;1,467
DEMIND_ZEIT-2021;GRNU-AT31;1,619
DEMIND_ZEIT-2021;GRNU-AT32;1,568
DEMIND_ZEIT-2021;GRNU-AT33;1,544
DEMIND_ZEIT-2021;GRNU-AT34;1,665
DEMIND_ZEIT-2021;GRNU-AT1;1,391
DEMIND_ZEIT-2021;GRNU-AT2;1,463
DEMIND_ZEIT-2021;GRNU-AT3;1,597
DEMIND_ZEIT-2021;GRNU-AT0;1,477
DEMIND_ZEIT-2022;GRNU-AT111;1,391
DEMIND_ZEIT-2022;GRNU-AT112;1,321
DEMIND_ZEIT-2022;GRNU-AT113;1,401
DEMIND_ZEIT-2022;GRNU-AT121;1,620
DEMIND_ZEIT-2022;GRNU-AT122;1,428
DEMIND_ZEIT-2022;GRNU-AT123;1,538
DEMIND_ZEIT-2022;GRNU-AT124;1,496
DEMIND_ZEIT-2022;GRNU-AT125;1,397
DEMIND_ZEIT-2022;GRNU-AT126;1,454
DEMIND_ZEIT-2022;GRNU-AT127;1,407
DEMIND_ZEIT-2022;GRNU-AT130;1,254
DEMIND_ZEIT-2022;GRNU-AT211;1,341
DEMIND_ZEIT-2022;GRNU-AT212;1,476
DEMIND_ZEIT-2022;GRNU-AT213;1,473
DEMIND_ZEIT-2022;GRNU-AT221;1,282
DEMIND_ZEIT-2022;GRNU-AT222;1,536
DEMIND_ZEIT-2022;GRNU-AT223;1,326
DEMIND_ZEIT-2022;GRNU-AT224;1,514
DEMIND_ZEIT-2022;GRNU-AT225;1,469
DEMIND_ZEIT-2022;GRNU-AT226;1,526
DEMIND_ZEIT-2022;GRNU-AT311;1,641
DEMIND_ZEIT-2022;GRNU-AT312;1,497
DEMIND_ZEIT-2022;GRNU-AT313;1,673
DEMIND_ZEIT-2022;GRNU-AT314;1,582
DEMIND_ZEIT-2022;GRNU-AT315;1,542
DEMIND_ZEIT-2022;GRNU-AT321;1,704
DEMIND_ZEIT-2022;GRNU-AT322;1,645
DEMIND_ZEIT-2022;GRNU-AT323;1,401
DEMIND_ZEIT-2022;GRNU-AT331;1,379
DEMIND_ZEIT-2022;GRNU-AT332;1,286
DEMIND_ZEIT-2022;GRNU-AT333;1,730
DEMIND_ZEIT-2022;GRNU-AT334;1,637
DEMIND_ZEIT-2022;GRNU-AT335;1,541
DEMIND_ZEIT-2022;GRNU-AT341;1,641
DEMIND_ZEIT-2022;GRNU-AT342;1,529
DEMIND_ZEIT-2022;GRNU-AT11;1,354
DEMIND_ZEIT-2022;GRNU-AT12;1,477
DEMIND_ZEIT-2022;GRNU-AT13;1,254
DEMIND_ZEIT-2022;GRNU-AT21;1,403
DEMIND_ZEIT-2022;GRNU-AT22;1,376
DEMIND_ZEIT-2022;GRNU-AT31;1,563
DEMIND_ZEIT-2022;GRNU-AT32;1,481
DEMIND_ZEIT-2022;GRNU-AT33;1,441
DEMIND_ZEIT-2022;GRNU-AT34;1,553
DEMIND_ZEIT-2022;GRNU-AT1;1,331
DEMIND_ZEIT-2022;GRNU-AT2;1,383
DEMIND_ZEIT-2022;GRNU-AT3;1,517
DEMIND_ZEIT-2022;GRNU-AT0;1,406
DEMIND_ZEIT-2023;GRNU-AT111;1,191
DEMIND_ZEIT-2023;GRNU-AT112;1,244
DEMIND_ZEIT-2023;GRNU-AT113;1,323
DEMIND_ZEIT-2023;GRNU-AT121;1,499
DEMIND_ZEIT-2023;GRNU-AT122;1,387
DEMIND_ZEIT-2023;GRNU-AT123;1,356
DEMIND_ZEIT-2023;GRNU-AT124;1,378
DEMIND_ZEIT-2023;GRNU-AT125;1,307
DEMIND_ZEIT-2023;GRNU-AT126;1,391
DEMIND_ZEIT-2023;GRNU-AT127;1,332
DEMIND_ZEIT-2023;GRNU-AT130;1,168
DEMIND_ZEIT-2023;GRNU-AT211;1,266
DEMIND_ZEIT-2023;GRNU-AT212;1,403
DEMIND_ZEIT-2023;GRNU-AT213;1,399
DEMIND_ZEIT-2023;GRNU-AT221;1,265
DEMIND_ZEIT-2023;GRNU-AT222;1,588
DEMIND_ZEIT-2023;GRNU-AT223;1,249
DEMIND_ZEIT-2023;GRNU-AT224;1,454
DEMIND_ZEIT-2023;GRNU-AT225;1,406
DEMIND_ZEIT-2023;GRNU-AT226;1,424
DEMIND_ZEIT-2023;GRNU-AT311;1,465
DEMIND_ZEIT-2023;GRNU-AT312;1,394
DEMIND_ZEIT-2023;GRNU-AT313;1,571
DEMIND_ZEIT-2023;GRNU-AT314;1,481
DEMIND_ZEIT-2023;GRNU-AT315;1,440
DEMIND_ZEIT-2023;GRNU-AT321;1,399
DEMIND_ZEIT-2023;GRNU-AT322;1,517
DEMIND_ZEIT-2023;GRNU-AT323;1,325
DEMIND_ZEIT-2023;GRNU-AT331;1,385
DEMIND_ZEIT-2023;GRNU-AT332;1,181
DEMIND_ZEIT-2023;GRNU-AT333;1,602
DEMIND_ZEIT-2023;GRNU-AT334;1,399
DEMIND_ZEIT-2023;GRNU-AT335;1,404
DEMIND_ZEIT-2023;GRNU-AT341;1,575
DEMIND_ZEIT-2023;GRNU-AT342;1,480
DEMIND_ZEIT-2023;GRNU-AT11;1,261
DEMIND_ZEIT-2023;GRNU-AT12;1,386
DEMIND_ZEIT-2023;GRNU-AT13;1,168
DEMIND_ZEIT-2023;GRNU-AT21;1,327
DEMIND_ZEIT-2023;GRNU-AT22;1,334
DEMIND_ZEIT-2023;GRNU-AT31;1,446
DEMIND_ZEIT-2023;GRNU-AT32;1,381
DEMIND_ZEIT-2023;GRNU-AT33;1,309
DEMIND_ZEIT-2023;GRNU-AT34;1,500
DEMIND_ZEIT-2023;GRNU-AT1;1,241
DEMIND_ZEIT-2023;GRNU-AT2;1,332
DEMIND_ZEIT-2023;GRNU-AT3;1,407
DEMIND_ZEIT-2023;GRNU-AT0;1,317
DEMIND_ZEIT-2024;GRNU-AT111;1,253
DEMIND_ZEIT-2024;GRNU-AT112;1,188
DEMIND_ZEIT-2024;GRNU-AT113;1,240
DEMIND_ZEIT-2024;GRNU-AT121;1,464
DEMIND_ZEIT-2024;GRNU-AT122;1,400
DEMIND_ZEIT-2024;GRNU-AT123;1,357
DEMIND_ZEIT-2024;GRNU-AT124;1,382
DEMIND_ZEIT-2024;GRNU-AT125;1,290
DEMIND_ZEIT-2024;GRNU-AT126;1,352
DEMIND_ZEIT-2024;GRNU-AT127;1,310
DEMIND_ZEIT-2024;GRNU-AT130;1,218
DEMIND_ZEIT-2024;GRNU-AT211;1,254
DEMIND_ZEIT-2024;GRNU-AT212;1,354
DEMIND_ZEIT-2024;GRNU-AT213;1,344
DEMIND_ZEIT-2024;GRNU-AT221;1,227
DEMIND_ZEIT-2024;GRNU-AT222;1,395
DEMIND_ZEIT-2024;GRNU-AT223;1,287
DEMIND_ZEIT-2024;GRNU-AT224;1,368
DEMIND_ZEIT-2024;GRNU-AT225;1,305
DEMIND_ZEIT-2024;GRNU-AT226;1,471
DEMIND_ZEIT-2024;GRNU-AT311;1,512
DEMIND_ZEIT-2024;GRNU-AT312;1,394
DEMIND_ZEIT-2024;GRNU-AT313;1,570
DEMIND_ZEIT-2024;GRNU-AT314;1,437
DEMIND_ZEIT-2024;GRNU-AT315;1,440
DEMIND_ZEIT-2024;GRNU-AT321;1,466
DEMIND_ZEIT-2024;GRNU-AT322;1,426
DEMIND_ZEIT-2024;GRNU-AT323;1,271
DEMIND_ZEIT-2024;GRNU-AT331;1,420
DEMIND_ZEIT-2024;GRNU-AT332;1,164
DEMIND_ZEIT-2024;GRNU-AT333;1,660
DEMIND_ZEIT-2024;GRNU-AT334;1,379
DEMIND_ZEIT-2024;GRNU-AT335;1,402
DEMIND_ZEIT-2024;GRNU-AT341;1,469
DEMIND_ZEIT-2024;GRNU-AT342;1,443
DEMIND_ZEIT-2024;GRNU-AT11;1,212
DEMIND_ZEIT-2024;GRNU-AT12;1,370
DEMIND_ZEIT-2024;GRNU-AT13;1,218
DEMIND_ZEIT-2024;GRNU-AT21;1,297
DEMIND_ZEIT-2024;GRNU-AT22;1,285
DEMIND_ZEIT-2024;GRNU-AT31;1,451
DEMIND_ZEIT-2024;GRNU-AT32;1,320
DEMIND_ZEIT-2024;GRNU-AT33;1,304
DEMIND_ZEIT-2024;GRNU-AT34;1,447
DEMIND_ZEIT-2024;GRNU-AT1;1,261
DEMIND_ZEIT-2024;GRNU-AT2;1,288
DEMIND_ZEIT-2024;GRNU-AT3;1,391
DEMIND_ZEIT-2024;GRNU-AT0;1,311
